slug,title,source_name,source_link,legal_text,legal_link
AFRO,AfroBarometer,AfroBarometer,http://www.afrobarometer.org/data/merged-data,AfroBarometer,http://www.afrobarometer.org/data/data-use-policy
PAY_EMP,Pay and Employment,Govdata360 - Pay and Employment,https://govdata360.worldbank.org/,Govdata360 (previously Actionable Governance Indicators (AGI)),https://govdata360.worldbank.org/
PAM_IAD,Public Accountability Mechanisms Income and Disclosure,Govdata360 - Public Accountability Mechanisms Income and Disclosure,https://govdata360.worldbank.org/,Govdata360 (previously Actionable Governance Indicators (AGI)),https://govdata360.worldbank.org/
PAM,Public Accountability Mechanisms Freedom of Information,Govdata360 - Public Accountability Mechanisms Freedom of Information,https://govdata360.worldbank.org/,Govdata360 (previously Actionable Governance Indicators (AGI)),https://govdata360.worldbank.org/
PIM,Public Investment Management,Govdata360 - Public Investment Management,https://govdata360.worldbank.org/,Govdata360 (previously Actionable Governance Indicators (AGI)),https://govdata360.worldbank.org/
HRM,Human Resource Management,Govdata360 - Human Resource Management,https://govdata360.worldbank.org/,Govdata360 (previously Actionable Governance Indicators (AGI)),https://govdata360.worldbank.org/
ARAB,ArabBarometer,ArabBarometer,http://www.arabbarometer.org/instruments-and-data-files,ArabBarometer,http://www.arabbarometer.org/instruments-and-data-files
bti,Bertelsmann Transformation Index,Bertelsmann Transformation Index,https://www.bti-project.org/en/reports/downloads/,Bertelsmann Stiftung,https://creativecommons.org/licenses/by/4.0/
BTI,Bertelsmann Transformation Index,Bertelsmann Transformation Index,https://www.bti-project.org/en/reports/downloads/,Bertelsmann Stiftung,https://creativecommons.org/licenses/by/4.0/
SGI,Sustainable Governance Indicators,Sustainable Governance Indicators,http://www.sgi-network.org/2016/Downloads,Bertelsmann Stiftung,http://www.sgi-network.org/2016/FAQ
PIV,Polity IV,Polity IV Project (Polity IV),http://www.systemicpeace.org/inscrdata.html,Center for Systemic Peace,http://www.systemicpeace.org/inscrdata.html
national_expert_survey,Global Entrepreneurship Monitor National Expert Survey,Global Entrepreneurship Monitor National Expert Survey,http://www.gemconsortium.org/data/sets,Global Entrepreneurship Research Association,http://www.gemconsortium.org/wiki/665
adult_population_survey,Global Entrepreneurship Monitor Adult Population Survey,Global Entrepreneurship Monitor Adult Population Survey,http://www.gemconsortium.org/data/sets,Global Entrepreneurship Research Association,http://www.gemconsortium.org/wiki/665
Global_Integrity,Global Integrity Index,Global Integrity Index,https://www.globalintegrity.org/downloads/,Global Integrity,https://creativecommons.org/licenses/by/3.0/us/
heritage_index_of_economic_freedom,Heritage Index of Economic Freedom,Heritage Index of Economic Freedom,http://www.heritage.org/index/download,Heritage Index of Economic Freedom,http://www.heritage.org/Copyright
IBP,International Budget Partnership Open Budget Index,International Budget Partnership Open Budget Index,http://survey.internationalbudget.org/#download,International Budget Partnership,http://www.internationalbudget.org/library/copyright/
world_economic_outlook,World Economic Outlook,IMF - World Economic Outlook,http://www.imf.org/external/ns/cs.aspx?id=28,International Monetary Fund,http://www.imf.org/external/terms.htm
direction_of_trade,Direction of Trade,IMF - Direction of Trade,http://data.imf.org/?sk=9D6028D4-F14A-464C-A2F2-59B2CD424B85,International Monetary Fund,http://www.imf.org/external/terms.htm
FAD_FR,Fiscal Rules Dataset,IMF - Fiscal Rules Dataset,http://www.imf.org/external/datamapper/FiscalRules/map/map.htm,International Monetary Fund,http://www.imf.org/external/terms.htm
ITU Database,ITU Database,ITU Database,http://www.itu.int/en/ITU-D/Statistics/Pages/publications/wtid.aspx,International Telecommunications Union,http://www.itu.int/en/ITU-D/Statistics/Pages/faq/default.aspx
IPU,"Inter-Parliamentary Union - Parline Database, Women in Politics Database","Inter-Parliamentary Union - Parline Database, Women in Politics Database",http://www.ipu.org/wmn-e/classif-arc.htm,Inter-Parliamentary Union,http://www.ipu.org/parline-e/aboutparline.htm
LATIN,Latinobarometro,Latinobarometro,http://www.latinobarometro.org/latContents.jsp,Latinobarometro,http://www.latinobarometro.org/latContents.jsp
IIAG,Ibrahim Index of African Governance,Ibrahim Index of African Governance,http://mo.ibrahim.foundation/iiag/downloads/,Mo Ibrahim Foundation,http://mo.ibrahim.foundation/iiag/downloads/
innovation_indicators,OECD Innovation Indicators,OECD Innovation Indicators,http://www.oecd.org/innovation/inno/inno-stats.htm,Organization for Economic Co-operation and Development (OECD),http://www.oecd.org/termsandconditions/
timely_indicators_of_entrepreneurship,Timely Indicators of Entrepreneurship,OECD - Timely Indicators of Entrepreneurship,https://stats.oecd.org/Index.aspx?DataSetCode=TIMELY_BDS_ISIC4,Organization for Economic Co-operation and Development (OECD),http://www.oecd.org/termsandconditions/
stri,Services Trade Restrictiveness Index,OECD - Services Trade Restrictiveness Index,http://stats.oecd.org/Index.aspx?DataSetCode=STRI,Organization for Economic Co-operation and Development (OECD),http://www.oecd.org/termsandconditions/
product_market_regulation,OECD Product Market Regulation Database,OECD - Product Market Regulation Database,https://www.oecd.org/eco/growth/indicatorsofproductmarketregulationhomepage.htm,Organization for Economic Co-operation and Development (OECD),http://www.oecd.org/termsandconditions/
entrepreneurship_at_a_glance,Entrepreneurship at a Glance,OECD - Entrepreneurship at a Glance,http://www.oecd.org/std/business-stats/entrepreneurship-at-a-glance-22266941.htm,Organization for Economic Co-operation and Development (OECD),http://www.oecd.org/termsandconditions/
tiva,Trade in Value Added,OECD - Trade in Value Added,http://www.oecd.org/sti/ind/measuringtradeinvalue-addedanoecd-wtojointinitiative.htm,Organization for Economic Co-operation and Development (OECD),http://www.oecd.org/termsandconditions/
PEFA,Public Expenditure Financial Accontability,Public Expenditure Financial Accontability (PEFA),https://pefa.org/assessments/listing,World Bank Group,"http://web.worldbank.org/WBSITE/EXTERNAL/0,,contentMDK:20130471~menuPK:1041850~pagePK:50016803~piPK:50016805~theSitePK:13,00.html"
DAGI,"Development, Aid and Governance Indicators","Development, Aid and Governance Indicators (DAGI)",https://www.brookings.edu/interactives/development-aid-and-governance-indicators-dagi/,The Brookings Institution,https://www.brookings.edu/
FSI,Failed States Index,Fund for Peace - Failed States Index,http://fundforpeace.org/fsi/excel/,The Fund for Peace,http://fundforpeace.org/fsi/frequently-asked-questions/does-the-public-have-access-to-the-data-in-this-index/
GII,Global Innovation Index,The Global Innovation Index,https://www.globalinnovationindex.org/analysis-indicator,The Global Innovation Index,https://www.globalinnovationindex.org/terms-conditions#tnc
TI,Corruption Perceptions Index,Transparency International - Corruption Perceptions Index,http://www.transparency.org/research/cpi/cpi_1998/0/,Transparency International,https://www.transparency.org/permissions/
TIGCB,Global Corruption Barometer,Transparency - Global Corruption Barometer,http://www.transparency.org/research/gcb/gcb_2015_16,Transparency International,https://www.transparency.org/permissions/
unctadstat,United Nations Conference on Trade and Development Statistics,United Nations Conference on Trade and Development Statistics,http://unctadstat.unctad.org/wds/ReportFolders/reportFolders.aspx?sCS_ChosenLang=en,United Nations,http://unctadstat.unctad.org/EN/FAQ.html
UNCTAD Cyberlaw Tracker,UNCTAD Cyberlaw Tracker,UNCTAD Cyberlaw Tracker,http://unctad.org/en/Pages/DTL/STI_and_ICTs/ICT4D-Legislation/eCom-Global-Legislation.aspx,United Nations,http://unctad.org/en/Pages/Copyright-notice.aspx
UNCTAD,United Nations Conference on Trade and Development,United Nations Conference on Trade and Development,http://unctadstat.unctad.org/wds/ReportFolders/reportFolders.aspx?sCS_ChosenLang=en,United Nations,http://unctad.org/en/Pages/Copyright-notice.aspx
competitive_industrial_performance,Competitive Industrial Performance Index,UNIDO - Competitive Industrial Performance Index,http://www.unido.org/data1/Statistics/Research/cip.html,United Nations Industrial Development Organization,http://www.unido.org/legal.html
UPU,Universal Postal Union,Universal Postal Union,http://www.upu.int/en/resources/postal-statistics/query-the-database.html,Universal Postal Union,http://www.upu.int/en/more/copyright.html
QOG,Quality of Govt,Quality of Govt,http://qog.pol.gu.se/data/datadownloads/qogexpertsurveydata,University of Gothenburg,http://www.gu.se/english
escap,ESCAP,ESCAP,http://data.worldbank.org/data-catalog/trade-costs-dataset,World Bank Group,http://www.worldbank.org/terms-datasets
investing_across_borders,Investing Across Borders,WBG - Investing Across Borders,http://iab.worldbank.org,World Bank Group,http://www.worldbank.org/terms-datasets
women_business_and_the_law,"Women, Business and the Law","WBG - Women, Business and the Law",http://wbl.worldbank.org,World Bank Group,http://www.worldbank.org/terms-datasets
logistics_performance_index,Logistics Performance Index,WBG - Logistics Performance Index,http://lpi.worldbank.org,World Bank Group,http://www.worldbank.org/terms-datasets
doing_business,Doing Business,WBG - Doing Business,http://www.doingbusiness.org/rankings,World Bank Group,http://www.worldbank.org/terms-datasets
wits,World Integrated Trade Solution,WBG - WITS,http://wits.worldbank.org,World Bank Group,http://www.worldbank.org/terms-datasets
world_development_indicators,World Development Indicators,WBG - World Development Indicators,http://data.worldbank.org/data-catalog/world-development-indicators,World Bank Group,http://www.worldbank.org/terms-datasets
rulemaking,Citizen Engagement in Rulemaking,WBG - Citizen Engagement in Rulemaking,http://rulemaking.worldbank.org,World Bank Group,http://www.worldbank.org/terms-datasets
temporary_trade_barriers,Temporary Trade Barriers Database,WBG - Temporary Trade Barriers,"http://econ.worldbank.org/WBSITE/EXTERNAL/EXTDEC/EXTRESEARCH/EXTPROGRAMS/EXTTRADERESEARCH/0,,contentMDK:22561572~pagePK:64168182~piPK:64168060~theSitePK:544849,00.html",World Bank Group,http://www.worldbank.org/terms-datasets
DB,Doing Business,WBG - Doing Business,http://www.doingbusiness.org/rankings,World Bank Group,http://www.worldbank.org/terms-datasets
enterprise_surveys,Enterprise Surveys,WBG - Enterprise Surveys,http://www.enterprisesurveys.org,World Bank Group,http://www.worldbank.org/terms-datasets
measuring_export_competitiveness,Measuring Export Competitiveness,WBG - Measuring Export Competitiveness,https://mec.worldbank.org,World Bank Group,http://www.worldbank.org/terms-datasets
sustainable_energy_for_all,Sustainable Energy For All,WBG - Global Tracking Framework: Sustainable Energy For All,http://trackingenergy4all.worldbank.org/,World Bank Group,http://www.worldbank.org/terms-datasets
enabling_the_business_of_agriculture,Enabling the Business of Agriculture,WBG - Enabling the Business of Agriculture,http://eba.worldbank.org,World Bank Group,http://www.worldbank.org/terms-datasets
ES,Enterprise Surveys,WBG - Enterprise Surveys,http://www.enterprisesurveys.org,World Bank Group,http://www.worldbank.org/terms-datasets
WBL,"Women, Business and the Law","WBG - Women, Business and the Law",http://wbl.worldbank.org,World Bank Group,http://www.worldbank.org/terms-datasets
SC,Statistical Capacity,WBG - Statistical Capacity,http://datatopics.worldbank.org/statisticalcapacity/,World Bank Group,http://www.worldbank.org/terms-datasets
Global_Indicators,Global Indicators of Regulatory Governance,WBG - Global Indicators of Regulatory Governance,http://rulemaking.worldbank.org/,World Bank Group,http://www.worldbank.org/terms-datasets
global_financial_inclusion,WB: Financial Inclusion Index (Findex),WB - Financial Inclusion Index (Findex),http://www.worldbank.org/en/programs/globalfindex,World Bank Group,http://www.worldbank.org/terms-datasets
"Global Findex 2014, World Bank",WB: Financial Inclusion Index (Findex),WB - Financial Inclusion Index (Findex),http://www.worldbank.org/en/programs/globalfindex,World Bank Group,http://www.worldbank.org/terms-datasets
CPIA,Country Policy and Institutional Assessments,WBG - Country Policy and Institutional Assessments,http://data.worldbank.org/data-catalog/CPIA,World Bank Group,http://www.worldbank.org/terms-datasets
worldwide_governance_indicators,Worldwide Governance Indicators,Worldwide Governance Indicators,http://info.worldbank.org/governance/wgi/index.aspx#home,World Bank Group,http://www.worldbank.org/terms-datasets
WGI,Worldwide Governance Indicators,Worldwide Governance Indicators,http://info.worldbank.org/governance/wgi/index.aspx#home,World Bank Group,http://www.worldbank.org/terms-datasets
ADI,Africa Development Indicators,WBG - Africa Development Indicators,https://data.worldbank.org/data-catalog/africa-development-indicators,World Bank Group,http://www.worldbank.org/terms-datasets
FCV-harmonized-list,"World Bank Group's Fragile, Conflict and Violence Group Harmonized List of Fragile Situations",WBG - Harmonized List of Fragile Situations,http://www.worldbank.org/en/topic/fragilityconflictviolence/brief/harmonized-list-of-fragile-situations,World Bank Group,http://www.worldbank.org/en/topic/fragilityconflictviolence/brief/harmonized-list-of-fragile-situations
WBG-genderstats,Gender Statistics,WBG - Gender Statistics,https://data.worldbank.org/data-catalog/ed-stats,World Bank Group,http://www.worldbank.org/terms-datasets
WBG-edstats,Education Statistics,WBG - Education Statistics,https://data.worldbank.org/data-catalog/gender-statistics,World Bank Group,http://www.worldbank.org/terms-datasets
global_competitiveness_index,World Economic Forum Global Competitiveness Index,World Economic Forum Global Competitiveness Index,http://reports.weforum.org/global-competitiveness-index/,World Economic Forum,https://www.weforum.org/about/privacy-and-terms-of-use
global_information_technology_report,WEF: Global Information Technology Report,WEF - Global Information Technology Report,https://www.weforum.org/reports/the-global-information-technology-report-2016,World Economic Forum,https://www.weforum.org/about/privacy-and-terms-of-use
most_problematic_factors,WEF GCI Most Problematic Factors,World Economic Forum Global Competitiveness Index: Most Problematic Factors,http://reports.weforum.org/global-competitiveness-index/downloads/,World Economic Forum,https://www.weforum.org/about/privacy-and-terms-of-use
travel_tourism_competitiveness,Travel & Tourism Competitiveness Index,World Economic Forum Travel & Tourism Competitiveness Index,http://reports.weforum.org/travel-and-tourism-competitiveness-report-2017/downloads/,World Economic Forum,https://www.weforum.org/about/privacy-and-terms-of-use
GCI,World Economic Forum Global Competitiveness Index,World Economic Forum Global Competitiveness Index,http://reports.weforum.org/global-competitiveness-index/,World Economic Forum,https://www.weforum.org/about/privacy-and-terms-of-use
"Networked Readiness Index, World Economic Forum",Networked Readiness index,WEF - Networked Readiness Index,http://reports.weforum.org/global-information-technology-report-2016/downloads/,World Economic Forum,https://www.weforum.org/about/privacy-and-terms-of-use
World Economic Forum ,World Economic Forum,World Economic Forum,https://www.weforum.org/,World Economic Forum,https://www.weforum.org/
WEF-GGGR,World Economic Forum Global Gender Gap Report,WEF - Global Gender Gap Report,http://reports.weforum.org/global-gender-gap-report-2016/,World Economic Forum,https://www.weforum.org/about/privacy-and-terms-of-use
wiod,World Input Output Database,World Input Output Database,http://www.wiod.org/new_site/home.htm,World Input Output Database,http://www.wiod.org/new_site/database/wiots.htm
WJP,World Justice Project - Rule of Law,World Justice Project - Rule of Law,http://worldjusticeproject.org/historical-data,World Justice Project,http://worldjusticeproject.org/
itip_goods,I-TIP Goods,WTO I-TIP Goods,https://i-tip.wto.org/goods,World Trade Organization,https://www.wto.org/english/info_e/cont_e.htm#Copyright
itip_services,I-TIP Services,WTO I-TIP Services,https://i-tip.wto.org/services/default.aspx,World Trade Organization,https://www.wto.org/english/info_e/cont_e.htm#Copyright
world_travel_tourism_council,World Travel & Tourism Council,World Travel & Tourism Council,https://tool.wttc.org/,World Travel & Tourism Council,https://www.wttc.org/housekeeping/terms-and-conditions/
environmental_performance_index,Environmental Performance Index,Yale Environmental Performance Index,http://epi.yale.edu/downloads,Yale University,http://epi.yale.edu/about
BEEPS,Business Environment & Enterprise Performance Surveys,EBRD-World Bank Business Environment and Enterprise Performance Survey,http://ebrd-beeps.com/data/,World Bank Group and European Bank for Reconstruction and Development (EBRD),http://ebrd-beeps.com/about/conditions-for-use/
CDG,Commitment to Development Index,Commitment to Development Index,http://www.cgdev.org/topics/technology,Center for Global Development,https://www.cgdev.org/page/research-data-and-code-disclosure
FH,Freedom House,Freedom House,https://freedomhouse.org/report-types/countries-crossroads,Freedom House,https://freedomhouse.org/content/privacy-policy
ILO,International Labor Organization,International Labor Organization,http://www.ilo.org/global/statistics-and-databases/lang--en/index.htm,International Labor Organization (ILO),http://www.ilo.org/global/copyright/lang--en/index.htm
IPD,Institutional Profiles Database,Institutional Profiles Database,http://www.cepii.fr/institutions/EN/ipd.asp,Directorate General of the Treasury (DG Tr�sor),http://www.cepii.fr/institutions/EN/ipd.asp
PFI,Press Freedom Index by Reporters without Borders,Press Freedom Index by Reporters without Borders,https://rsf.org/en/ranking,Reporters Without Borders (RSF),https://rsf.org/en/terms-and-conditions
