Category 1,Category 2,Category 3,Category 4,Rank,Slug,source_360
Economy,,,,4,macro,tc
Innovation,,,,3,inn,tc
Investment,,,,2,inv,tc
Sectors,,,,4,sectors,tc
Trade,,,,1,trade,tc
Economy,Economic Outcomes,,,1,econ.out,tc
Economy,Economic and Social Context,,,2,econ.soc,tc
Economy,Monetary and Fiscal,,,3,fin.bank,tc
Economy,Private Sector Investment,,,4,pri.sect.inv,tc
Innovation,Entrepreneurship,,,3,inn.entrp,tc
Innovation,Firm Dynamics,,,4,inn.dyn,tc
Innovation,Innovation Inputs,,,1,inn.in,tc
Innovation,Innovation Outputs,,,2,inn.out,tc
Investment,Cost of Operations,,,5,costop,tc
Investment,Entry and Investment,,,4,entry,tc
Investment,Perceived Constraints,,,2,constr,tc
Investment,Reform Progress (Investment),,,1,inv.cli.ref,tc
Investment,Risk and Policy Uncertainty,,,3,risk,tc
Sectors,Climate Competitiveness,,,3,sectors.cli,tc
Sectors,Manufacturing,,,3,sectors.mnfc,tc
Sectors,Tourism (Sector),,,3,sectors.tour,tc
Trade,Competition and Competition Policy,,,5,trade.cmptv.pol,tc
Trade,Connectivity,,,4,trade.conn,tc
Trade,Trade Barriers,,,2,trade.barr,tc
Trade,Trade Facilitation,,,3,trade.fac,tc
Trade,Trade Outcomes,,,1,trade.out,tc
Economy,Economic Outcomes,Consumer price indices,,2,cons.prc.idx,tc
Economy,Economic Outcomes,Exchange Rates,,6,rate,tc
Economy,Economic Outcomes,GDP,,1,econ.gdp,tc
Economy,Economic Outcomes,GNI,,3,econ.gni,tc
Economy,Economic Outcomes,Input Output indicators,,5,inp.oput,tc
Economy,Economic Outcomes,Value Added,,4,econ.val.add,tc
Economy,Economic and Social Context,Demographics,,3,dems,tc
Economy,Economic and Social Context,Energy,,6,energy,tc
Economy,Economic and Social Context,Industry,,4,inds,tc
Economy,Economic and Social Context,Labor,,1,lbr,tc
Economy,Economic and Social Context,Personal remittances: Receipts and payments,,2,remit,tc
Economy,Economic and Social Context,Poverty,,5,pov,tc
Economy,Monetary and Fiscal,Financial Access,,4,fin.acc,tc
Economy,Monetary and Fiscal,Government Finance,,2,govt.fin,tc
Economy,Monetary and Fiscal,Monetary Indicators,,3,econ.mnt,tc
Economy,Monetary and Fiscal,Monetary and Fiscal in Balance of Payments,,5,fin.bank.bop,tc
Economy,Monetary and Fiscal,Taxes,,1,econ.tax,tc
Economy,Private Sector Investment,Capital Formation,,2,cap.form,tc
Economy,Private Sector Investment,Employment in the Private Sector,,3,hmn.cap,tc
Economy,Private Sector Investment,Private Sector Investment by Sector,,1,pri.sect.inv.sect,tc
Innovation,Entrepreneurship,Entrepreneurial Ecosystem,,1,inn.entrp.glance.eco,tc
Innovation,Entrepreneurship,Entrepreneurship Rates,,2,inn.entrp.rates,tc
Innovation,Firm Dynamics,Firm dynamics: Entry and Exit,,1,entry.exit,tc
Innovation,Firm Dynamics,Firm dynamics: Growth,,2,inn.grow,tc
Innovation,Innovation Inputs,Human Capital in Business,,2,inn.hmn.cap,tc
Innovation,Innovation Inputs,ICT Use in Business,,3,inn.ict,tc
Innovation,Innovation Inputs,Intellectual Property Inputs,,2,ip.right.in,tc
Innovation,Innovation Inputs,Mangement practices,,4,inn.mgmt,tc
Innovation,Innovation Inputs,R&D,,1,rnd,tc
Innovation,Innovation Inputs,Technology licensing,,5,tech.lic,tc
Innovation,Innovation Outputs,Innovation Incidence,,1,inn.incid,tc
Innovation,Innovation Outputs,Intellectual Property Outputs,,2,ip.right.out,tc
Investment,Cost of Operations,Agribusiness,,4,trade.ag,tc
Investment,Cost of Operations,Cost and Reliability of Electricity,,2,costre.electc,tc
Investment,Cost of Operations,Cost to Trade,,1,cost.trade,tc
Investment,Cost of Operations,Tax Rates and Administration,,3,tax.admin,tc
Investment,Entry and Investment,Access to Finance: Getting credit indices,,4,acc.fin.credit.idx,tc
Investment,Entry and Investment,Access to Finance: Protecting minority investors indices,,5,acc.fin.min.inv.idx,tc
Investment,Entry and Investment,Barriers to Foreign Investment,,2,barr.for.inv,tc
Investment,Entry and Investment,Firm Characteristics,,6,firm.char,tc
Investment,Entry and Investment,Foreign Direct Investment,,1,inv.fdi,tc
Investment,Entry and Investment,Foreign equity ownership index,,1,for.eqy.idx,tc
Investment,Entry and Investment,Setting up Operations,,3,set.ops,tc
Investment,Perceived Constraints,Enterprise Surveys: Major Constraint,,2,ensur.constrnt,tc
Investment,Perceived Constraints,Enterprise Surveys: Top Obstacle,,1,ensur.top,tc
Investment,Perceived Constraints,Executive Opinion Survey: Most Problematic Factors,,3,constrnt.eos.mpf,tc
Investment,Reform Progress (Investment),Citizen Engagement in Rulemaking,,4,ctzn.rule,tc
Investment,Reform Progress (Investment),Doing Business Indicators,,1,ref.prog.2,tc
Investment,Reform Progress (Investment),Global Competitiveness Pillars,,2,compt.pll,tc
Investment,Reform Progress (Investment),"Women, Business and the Law",,3,wbl,tc
Investment,Risk and Policy Uncertainty,Business Costs of Crime,,4,inv.crime,tc
Investment,Risk and Policy Uncertainty,Corruption Incidence,,2,corr,tc
Investment,Risk and Policy Uncertainty,Dispute and debt resolution,,3,disp.rez,tc
Investment,Risk and Policy Uncertainty,Governance,,1,gov,tc
Investment,Risk and Policy Uncertainty,Index of Economic Freedom,,5,idx.econ.free,tc
Sectors,Climate Competitiveness,Carbon Emission,,5,cli.carbon,tc
Sectors,Climate Competitiveness,Carbon Intensity,,4,cli.int.carbon,tc
Sectors,Climate Competitiveness,Competitiveness Performance Index,,2,cli.comp,tc
Sectors,Climate Competitiveness,Electricity Access,,6,cli.electc,tc
Sectors,Climate Competitiveness,Energy Intensity,,1,cli.int.ener,tc
Sectors,Climate Competitiveness,Sector Value Added ( GDP),,3,cli.sect.val,tc
Sectors,Manufacturing,Competitive Industrial Performance Index,,1,cip,tc
Sectors,Manufacturing,MVA indexes,,7,mva,tc
Sectors,Manufacturing,Manufacturing Trade Tariffs,,4,manfc.trade.tarr,tc
Sectors,Manufacturing,Manufacturing Value Added,,2,manfc.val,tc
Sectors,Manufacturing,Manufacturing export and Import,,3,manfc.ex.im,tc
Sectors,Manufacturing,Manufacturing export indexes,,5,manfc.ex,tc
Sectors,Manufacturing,Per capita indicators,,8,per.capita,tc
Sectors,Manufacturing,Share of medium- and high-tech activities,,9,share.tech.act,tc
Sectors,Manufacturing,Share of national aggregates,,10,ntl.agg,tc
Sectors,Manufacturing,World share indicators,,11,wld.shr,tc
Sectors,Manufacturing,Manufacturing Business size,,6,manfc.size,tc
Sectors,Tourism (Sector),Access and transport,,4,tour.access,tc
Sectors,Tourism (Sector),Agreements on Trade in Services (Tourism),,5,tour.serv.agree,tc
Sectors,Tourism (Sector),Tourism Competitiveness,,3,tour.comp,tc
Sectors,Tourism (Sector),Tourism Demand and Supply,,1,tour.dmd,tc
Sectors,Tourism (Sector),Tourism Economic Indicators,,2,tour.econ,tc
Trade,Competition and Competition Policy,Competition Dynamics,,1,trade.dyn,tc
Trade,Competition and Competition Policy,Government interventions in markets (GiMs) and regulatory frameworks,,2,trade.gim,tc
Trade,Competition and Competition Policy,Overall competitive environment,,3,trade.cmptv.env,tc
Trade,Connectivity,Bilateral trade costs,,1,trade.bilat.cost,tc
Trade,Connectivity,Liner shipping connectivity index,,3,liner.ship.conn.idx,tc
Trade,Connectivity,Logistics Performance Index,,2,trade.barr.lpi,tc
Trade,Trade Barriers,Non-Tariff Measures,,2,trade.ntm,tc
Trade,Trade Barriers,Services Trade Restrictiveness Index,,3,trade.stri,tc
Trade,Trade Barriers,Temporary Trade Barriers,,4,temp.trade.barr,tc
Trade,Trade Barriers,Trade Tariffs,,1,trade.tar,tc
Trade,Trade Facilitation,Agreements on Trade in Services (Trade Facilitation),,3,gen.agmt.serv,tc
Trade,Trade Facilitation,Applied Regimes on Trade in Services,,5,rgm.trade.serv,tc
Trade,Trade Facilitation,Customs,,1,trade.fac.custom,tc
Trade,Trade Facilitation,Regional Agreements on Trade in Services,,4,rta.serv,tc
Trade,Trade Facilitation,Transport,,2,trans,tc
Trade,Trade Outcomes,Export Diversification,,6,ex.dvsct,tc
Trade,Trade Outcomes,Export Sophistication,,7,ex.soph,tc
Trade,Trade Outcomes,Goods Trade,,1,trade.out.ex.im,tc
Trade,Trade Outcomes,Goods and Services Trade,,3,good.serv.trade,tc
Trade,Trade Outcomes,Services Trade,,2,serv.sect,tc
Trade,Trade Outcomes,Tourism,,5,trade.tourism,tc
Trade,Trade Outcomes,Trade Balance Indicators,,8,trade.bal,tc
Trade,Trade Outcomes,Trade Growth,,4,grw,tc
Trade,Trade Outcomes,Trade Openness Indicators,,9,trade.open,tc
Trade,Trade Outcomes,Trade in Balance of Payments,,11,trade.out.bop,tc
Trade,Trade Outcomes,Value Added Trade,,10,trade.val,tc
Innovation,Entrepreneurship,Entrepreneurial Ecosystem,Access to Finance,2,hmn.pol.nes,tc
Innovation,Entrepreneurship,Entrepreneurial Ecosystem,Entrepreneurial Culture,1,hmn.pol,tc
Innovation,Entrepreneurship,Entrepreneurial Ecosystem,Entrepreneurial Markets,5,entrp.mkt,tc
Innovation,Entrepreneurship,Entrepreneurial Ecosystem,Entrepreneurial Policy,6,entrp.pol,tc
Innovation,Entrepreneurship,Entrepreneurial Ecosystem,Manufacturing by Business Size,4,entrp.mnfc,tc
Innovation,Entrepreneurship,Entrepreneurial Ecosystem,Self-employed,3,self.emp,tc
Innovation,Entrepreneurship,Entrepreneurship Rates,Entrepreneurial Activity,2,hmn.pol.aps,tc
Innovation,Entrepreneurship,Entrepreneurship Rates,Gender Entrepreneurship,1,inn.gender,tc
Innovation,Innovation Inputs,ICT Use in Business,ICT use in business by location type,2,ict.use.loc,tc
Innovation,Innovation Inputs,ICT Use in Business,ICT use in business overview,1,mobile.sub,tc
Trade,Trade Outcomes,Goods Trade,Direction of Trade by country and date,2,dot,tc
Trade,Trade Outcomes,Goods Trade,Goods Trade Overview,1,good.trade,tc
Trade,Trade Outcomes,Goods Trade,Goods Trade by Category,7,good.trade.cat,tc
Trade,Trade Outcomes,Goods Trade,ICT Goods Trade,6,good.trade.ict,tc
Trade,Trade Outcomes,Goods Trade,Merchandise Exports,5,mrch.ex,tc
Trade,Trade Outcomes,Goods Trade,Merchandise Imports,4,mrch.im,tc
Trade,Trade Outcomes,Goods Trade,Merchandise Total Trade,3,mrch.trade.tot,tc
Trade,Trade Outcomes,Services Trade,Services Trade Overview,1,serv.trade,tc
Trade,Trade Outcomes,Services Trade,Services Trade by Category,2,serv.trade.cat,tc
Investment,Cost of Operations,Agribusiness,Seed,1,seed,tc
Investment,Cost of Operations,Agribusiness,Fertilizer,2,fer,tc
Investment,Cost of Operations,Agribusiness,Machinery,3,mchry,tc
Investment,Cost of Operations,Agribusiness,Finance,4,ag.fin,tc
Investment,Cost of Operations,Agribusiness,Markets,5,ag.mkt,tc
Investment,Cost of Operations,Agribusiness,Transport (Agribusiness),6,ag.trans,tc
Investment,Cost of Operations,Agribusiness,Water,7,ag.wat2,tc
Investment,Cost of Operations,Agribusiness,ICT,8,ag.ict,tc
Trade,E-trade,,,3,etrade,tc
Trade,E-trade,Trade Logistics and Trade Facilitation,,3,etrade.log.fac,tc
Trade,E-trade,International shipments,,3,etrade.intl.ship,tc
Trade,E-trade,ICT Infrastructure and Services,,3,etrade.ict,tc
Trade,E-trade,E-Commerce Skills Development,,3,etrace.ecomm.dev,tc
Trade,E-trade,Legal and Regulatory Frameworks,,3,etrade.lgl.reg,tc
Trade,E-trade,E-Commerce Readiness Assessment and Strategy Formulation,,3,etrade.ecomm.ready,tc
Trade,E-trade,Payment Solutions,,3,etrade.pay,tc
Trade,E-trade,Access to Financing,,3,etrade.fin,tc
Economy,Gender,,,5,gender,tc
Economy,Gender,Asset ownership and control,,5,gender.asset,tc
Economy,Gender,Business Environment for women,,4,gender.business,tc
Economy,Gender,Domestic and work-related time allocation,,6,gender.time,tc
Economy,Gender,Economic Participation,,1,gender.economic,tc
Economy,Gender,Entrepreneurship (Gender),,3,gender.entrepreneurship,tc
Economy,Gender,Social and political norms,,7,gender.sociopolitical,tc
Economy,Gender,Wage Employment,,2,gender.wage,tc
Innovation,Reform Progress (Innovation),,,5,inn.ref,tc
Innovation,Reform Progress (Innovation),Global Innovation Pillars,,1,inn.ref.gii,tc
Innovation,Reform Progress (Innovation),Global Innovation Pillars,Business sophistication Pillar,5,inn.ref.gii.business,tc
Innovation,Reform Progress (Innovation),Global Innovation Pillars,Creative outputs Pillar,7,inn.ref.gii.creative,tc
Innovation,Reform Progress (Innovation),Global Innovation Pillars,Human capital and research Pillar,2,inn.ref.gii.humancap,tc
Innovation,Reform Progress (Innovation),Global Innovation Pillars,Infrastructure Pillar,3,inn.ref.gii.infra,tc
Innovation,Reform Progress (Innovation),Global Innovation Pillars,Institutions Pillar,1,inn.ref.gii.institution,tc
Innovation,Reform Progress (Innovation),Global Innovation Pillars,Knowledge and technology outputs Pillar,6,inn.ref.gii.knowtech,tc
Innovation,Reform Progress (Innovation),Global Innovation Pillars,Market sophistication Pillar,4,inn.ref.gii.market,tc
Investment,FCS Investment Trends,,,6,fcs.investment,tc
Investment,FCS Investment Trends,Economic and Social Context (Investment Trends),,2,fcs.investment.econsocial,tc
Investment,FCS Investment Trends,Institutional Resilience,,1,fcs.investment.institution,tc
Investment,FCS Investment Trends,Investment Climate,,4,fcs.investment.climate,tc
Investment,FCS Investment Trends,Private Sector Investment (Investment Trends),,3,fcs.investment.private,tc
Investment,FCS Investment Trends,Economic and Social Context (Investment Trends),Cross Border Flows,5,fcs.investment.econsocial.crossborder,tc
Investment,FCS Investment Trends,Economic and Social Context (Investment Trends),Demographics (Investment Trends),1,fcs.investment.econsocial.demog,tc
Investment,FCS Investment Trends,Economic and Social Context (Investment Trends),Domestic Investment (Econ and Social Context),6,fcs.investment.econsocial.domestic,tc
Investment,FCS Investment Trends,Economic and Social Context (Investment Trends),Economic Sectors,3,fcs.investment.econsocial.econ,tc
Investment,FCS Investment Trends,Economic and Social Context (Investment Trends),Employment,4,fcs.investment.econsocial.emp,tc
Investment,FCS Investment Trends,Economic and Social Context (Investment Trends),Macroeconomic Outcomes,2,fcs.investment.econsocial.macroecon,tc
Investment,FCS Investment Trends,Institutional Resilience,Governance (Institutional Resilience),1,fcs.investment.institution.gov,tc
Investment,FCS Investment Trends,Institutional Resilience,Risk and Policy Uncertainty (Investment Trends),2,fcs.investment.institution.riskpolicy,tc
Investment,FCS Investment Trends,Investment Climate,Competitiveness,2,fcs.investment.climate.comp,tc
Investment,FCS Investment Trends,Investment Climate,Doing Business,1,fcs.investment.climate.business,tc
Investment,FCS Investment Trends,Investment Climate,Enterprise Survey,3,fcs.investment.climate.enterprise,tc
Investment,FCS Investment Trends,Private Sector Investment (Investment Trends),Domestic Investment (Private Sector),1,fcs.investment.private.domestic,tc
Investment,FCS Investment Trends,Private Sector Investment (Investment Trends),Foreign Direct Investment (Investment Trends),2,fcs.investment.private.fdi,tc
Investment,Entry and Investment,Foreign Direct Investment,Foreign Direct Investment: Inward and outward flows and stock,1,inv.fdi.inout,tc
Trade,Trade Outcomes,Trade Growth,Volume growth rates of merchandise exports and imports,1,grw.expimp,tc
Trade,Trade Outcomes,Trade in Balance of Payments,Goods and services (BPM5): Exports and imports of goods and services,1,trade.out.bop.bpm5,tc
Trade,Trade Outcomes,Trade in Balance of Payments,Goods and services (BPM6): Exports and imports of goods and services,1,trade.out.bop.bpm6,tc
Absence of Corruption,,,,8,corruption,gv
Citizen Engagement,,,,4,engagement,gv
Public Sector Management,,,,1,pub.sect,gv
General Governance,,,,9,governance,gv
Security,,,,7,security,gv
Political Accountability,,,,2,polit.acct,gv
Private Sector Interface,,,,5,pri.sect,gv
Checks and Balances,,,,3,check.bal,gv
Trust,,,,6,trust,gv
Absence of Corruption,Incidence,,,2,hf3494de5,gv
Absence of Corruption,Perception,,,3,h3530ca39,gv
Checks and Balances,Judiciary System,,,1,hbc7c3367,gv
Checks and Balances,Legislative System,,,3,h5ad482c9,gv
Citizen Engagement,Civil Rights,,,3,hae46020f,gv
Citizen Engagement,Civil Society Participation,,,2,h5061a2a1,gv
Citizen Engagement,Open Government and Transparency,,,4,h8112a987,gv
Political Accountability,Elections,,,2,he94e8193,gv
Political Accountability,Political Parties,,,3,h80d04844,gv
Political Accountability,Public Accountability Mechanisns,,,1,h1e2e2a69,gv
Private Sector Interface,Corporate Governance,,,4,h758609d3,gv
Private Sector Interface,Permits and Licenses,,,2,hd3f03870,gv
Public Sector Management,Enforcement,,,7,h3d71baf8,gv
Public Sector Management,Innovation (Public Sector Management),,,8,hbcf5979b,gv
Public Sector Management,Personnel Management,,,1,h0e86a6c6,gv
Public Sector Management,Public Expenditure Management,,,2,ha340e1fb,gv
Public Sector Management,Service Delivery,,,3,pub.sect.serv,gv
Security,Crime,,,1,haba96a9c,gv
Security,Police and Military,,,3,habc8e608,gv
Trust,Trust in Government,,,1,h21acc114,gv
Absence of Corruption,Incidence,Other (Incidence),,2,h28322766,gv
Absence of Corruption,Perception,Other (Perception),,3,h055fb55f,gv
Checks and Balances,Judiciary System,Other (Judiciary System),,1,hd807a6a5,gv
Checks and Balances,Legislative System,Other (Legislative System),,3,h7eb4d889,gv
Citizen Engagement,Civil Rights,Other (Civil Rights),,3,hf8fb456f,gv
Citizen Engagement,Civil Society Participation,Other (Civil Society Participation),,2,h093cc9e8,gv
Citizen Engagement,Open Government and Transparency,Other (Open Government and Transparency),,4,hfb3e990a,gv
Political Accountability,Elections,Other (Elections),,2,ha9c6846c,gv
Political Accountability,Political Parties,Other (Political Parties),,3,h0c187156,gv
Political Accountability,Public Accountability Mechanisns,Other (Public Accountability Mechanisns),,1,he5f09055,gv
Private Sector Interface,Corporate Governance,Other (Corporate Governance),,4,h63219bc0,gv
Private Sector Interface,Permits and Licenses,Other (Permits and Licenses),,2,hc26c13ea,gv
Public Sector Management,Enforcement,Other (Enforcement),,7,hdfea3410,gv
Public Sector Management,Innovation (Public Sector Management),Other (Innovation),,8,h6bec344f,gv
Public Sector Management,Personnel Management,Other (Personnel Management),,1,h86980bdb,gv
Public Sector Management,Public Expenditure Management,Other (Public Expenditure Management),,2,he4f3a715,gv
Public Sector Management,Service Delivery,Other (Service Delivery),,3,ha173bdb3,gv
Security,Crime,Other (Crime),,1,h6a94e87c,gv
Security,Police and Military,Other (Police and Military),,3,h6186649c,gv
Trust,Trust in Government,Other (Trust in Government),,1,h2b92a961,gv
Fairness and equity,,,,10,fairness,gv
Absence of Corruption,Prevention and sanction,,,1,N_51,gv
Checks and Balances,Oversight institutions,,,2,N_32,gv
Checks and Balances,Power and influence of important actors,,,4,N_34,gv
Citizen Engagement,Freedom of expression,,,1,N_41,gv
Fairness and equity,Equal treatment,,,1,N_91,gv
Fairness and equity,Land issues,,,6,N_96,gv
Fairness and equity,Redistribution mechanism,,,4,N_94,gv
Fairness and equity,Social protection and labor,,,2,N_92,gv
Fairness and equity,Territorial coverage,,,5,N_95,gv
Fairness and equity,Undue influence,,,3,N_93,gv
General Governance,Overall Governance,,,1,N_101,gv
Private Sector Interface,Property rights and contracts,,,1,N_61,gv
Private Sector Interface,Regulation of entry and exit,,,3,N_63,gv
Public Sector Management,Administrative and Policymaking capacity,,,4,N_14,gv
Public Sector Management,Decentralization,,,5,N_15,gv
Public Sector Management,Financial System,,,1,N_110,gv
Public Sector Management,State owned enterprises,,,9,N_19,gv
Public Sector Management,Tax and Customs,,,6,N_16,gv
Security,Violent conflict,,,2,N_82,gv
Trust,Social cohesion (trust in others),,,2,N_72,gv
Absence of Corruption,Prevention and sanction,Other (Prevention and sanction),,1,prev.sanc,gv
Checks and Balances,Oversight institutions,Other (Oversight institutions),,2,over.inst,gv
Checks and Balances,Power and influence of important actors,Other (Power and influence of important actors),,4,power.infl,gv
Citizen Engagement,Freedom of expression,Other (Freedom of expression),,1,freedom.exp,gv
Fairness and equity,Equal treatment,Other (Equal treatment),,1,eq.treatment,gv
Fairness and equity,Land issues,Other (Land issues),,6,land.issues,gv
Fairness and equity,Redistribution mechanism,Other (Redistribution mechanism),,4,redis,gv
Fairness and equity,Social protection and labor,Other (Social protection and labor),,2,social.prot,gv
Fairness and equity,Territorial coverage,Other (Territorial coverage),,5,terr.cov,gv
Fairness and equity,Undue influence,Other (Undue influence),,3,undue.inf,gv
General Governance,Overall Governance,Other (Overall Governance),,1,governance.other,gv
Private Sector Interface,Property rights and contracts,Other (Property rights and contracts),,1,prop.rights,gv
Private Sector Interface,Regulation of entry and exit,Other (Regulation of entry and exit),,3,regulation,gv
Public Sector Management,Administrative and Policymaking capacity,Other (Administrative and Policymaking capacity),,4,admin.policy,gv
Public Sector Management,Decentralization,Other (Decentralization),,5,decentralization,gv
Public Sector Management,Financial System,Other (Financial System),,1,fin.sys,gv
Public Sector Management,State owned enterprises,Other (State owned enterprises),,9,state.owned,gv
Public Sector Management,Tax and Customs,Other (Tax and Customs),,6,tax.customs,gv
Security,Violent conflict,Other (Violent conflict),,2,violent.conflict,gv
Trust,Social cohesion (trust in others),Other (Social cohesion (trust in others)),,2,social.cohesion,gv
